{"cameraMode":{"drawMode":0,"name":"Shaded","section":"Shading Mode"},"sceneLighting":false,"audioPlay":false,"sceneViewState":{"showFog":true,"showMaterialUpdate":false,"showSkybox":false,"showFlares":true,"showImageEffects":true,"showParticleSystems":true},"in2DMode":false,"pivot":{"x":-1279.8154296875,"y":24.999961853027345,"z":-816.816650390625},"rotation":{"x":-0.15153315663337708,"y":-0.8477651476860046,"z":0.33990082144737246,"w":-0.37797489762306216},"size":180.81980895996095,"orthographic":false}