{"cameraMode":{"drawMode":0,"name":"Shaded","section":"Shading Mode"},"sceneLighting":false,"audioPlay":false,"sceneViewState":{"showFog":true,"showMaterialUpdate":false,"showSkybox":false,"showFlares":true,"showImageEffects":true,"showParticleSystems":true},"in2DMode":false,"pivot":{"x":-171.572265625,"y":114.01234436035156,"z":-139.96328735351563},"rotation":{"x":-0.15243585407733918,"y":-0.8421669006347656,"z":0.310102254152298,"w":-0.4140004515647888},"size":205.68052673339845,"orthographic":false}