{"cameraMode":{"drawMode":0,"name":"Shaded","section":"Shading Mode"},"sceneLighting":false,"audioPlay":false,"sceneViewState":{"showFog":true,"showMaterialUpdate":false,"showSkybox":false,"showFlares":true,"showImageEffects":true,"showParticleSystems":true},"in2DMode":false,"pivot":{"x":1095.79541015625,"y":137.72482299804688,"z":2231.0380859375},"rotation":{"x":-0.15153315663337708,"y":-0.8477651476860046,"z":0.33990082144737246,"w":-0.37797489762306216},"size":252.35150146484376,"orthographic":false}