{"cameraMode":{"drawMode":0,"name":"Shaded","section":"Shading Mode"},"sceneLighting":false,"audioPlay":false,"sceneViewState":{"showFog":true,"showMaterialUpdate":false,"showSkybox":false,"showFlares":true,"showImageEffects":true,"showParticleSystems":true},"in2DMode":false,"pivot":{"x":281.87115478515627,"y":114.0518798828125,"z":1218.372314453125},"rotation":{"x":-0.019764799624681474,"y":-0.9584011435508728,"z":0.2764332890510559,"w":-0.06854239106178284},"size":263.2822265625,"orthographic":false}