{"cameraMode":{"drawMode":0,"name":"Shaded","section":"Shading Mode"},"sceneLighting":false,"audioPlay":false,"sceneViewState":{"showFog":true,"showMaterialUpdate":false,"showSkybox":false,"showFlares":true,"showImageEffects":true,"showParticleSystems":true},"in2DMode":false,"pivot":{"x":741.8368530273438,"y":113.36502075195313,"z":-666.3973388671875},"rotation":{"x":-0.15153315663337708,"y":-0.8477651476860046,"z":0.33990082144737246,"w":-0.37797489762306216},"size":163.485107421875,"orthographic":false}