{"cameraMode":{"drawMode":0,"name":"Shaded","section":"Shading Mode"},"sceneLighting":false,"audioPlay":false,"sceneViewState":{"showFog":true,"showMaterialUpdate":false,"showSkybox":false,"showFlares":true,"showImageEffects":true,"showParticleSystems":true},"in2DMode":false,"pivot":{"x":1095.3773193359375,"y":113.9793701171875,"z":1536.78271484375},"rotation":{"x":-0.15243585407733918,"y":-0.8421669006347656,"z":0.310102254152298,"w":-0.4140004515647888},"size":177.38192749023438,"orthographic":false}