{"cameraMode":{"drawMode":0,"name":"Shaded","section":"Shading Mode"},"sceneLighting":false,"audioPlay":false,"sceneViewState":{"showFog":true,"showMaterialUpdate":false,"showSkybox":false,"showFlares":true,"showImageEffects":true,"showParticleSystems":true},"in2DMode":false,"pivot":{"x":1096.62548828125,"y":74.3750991821289,"z":242.56423950195313},"rotation":{"x":-0.15153315663337708,"y":-0.8477651476860046,"z":0.33990082144737246,"w":-0.37797489762306216},"size":181.73358154296876,"orthographic":false}