{"cameraMode":{"drawMode":0,"name":"Shaded","section":"Shading Mode"},"sceneLighting":false,"audioPlay":false,"sceneViewState":{"showFog":true,"showMaterialUpdate":false,"showSkybox":false,"showFlares":true,"showImageEffects":true,"showParticleSystems":true},"in2DMode":false,"pivot":{"x":-242.157958984375,"y":76.40093994140625,"z":736.1903076171875},"rotation":{"x":-0.15153315663337708,"y":-0.8477651476860046,"z":0.33990082144737246,"w":-0.37797489762306216},"size":269.58099365234377,"orthographic":false}