{"cameraMode":{"drawMode":0,"name":"Shaded","section":"Shading Mode"},"sceneLighting":true,"audioPlay":false,"sceneViewState":{"showFog":true,"showMaterialUpdate":false,"showSkybox":true,"showFlares":true,"showImageEffects":true,"showParticleSystems":true},"in2DMode":false,"pivot":{"x":536.2867431640625,"y":-169.47262573242188,"z":-519.9366455078125},"rotation":{"x":-0.2359434962272644,"y":-0.06931758671998978,"z":0.016875652596354486,"w":-0.9691446423530579},"size":600.3992919921875,"orthographic":false}